|网点名称|地址|电话|区县|经纬度|银行名称
0|中国信合(坡头信用社)|楼村派出所附近|0919-6921034|耀州区|108.901136,34.852770|中国信合(坡头信用社)
1|陕西信合|金鼎路与铁诺南路交汇处附近|0919-3288491|耀州区|108.947192,34.902485|陕西信合
2|中国信合ATM(新城信用社)|金鼎路与铁诺南路交叉口西北150米|0919-2183097|耀州区|108.947075,34.902631|中国信合ATM(新城信用社)
3|陕西信合(山城信用社)|七一路89号|0919-3385902|王益区|109.084263,35.072902|陕西信合(山城信用社)
4|中国银行(金谟路支行)|金谟路湘里人家西南50米|0919-3182660;0919-3286158|耀州区|108.943692,34.907404|中国银行(金谟路支行)
5|中国农业银行(新区支行)|新区金谟西路2号|0919-3191599|耀州区|108.938620,34.903459|中国农业银行(新区支行)
6|中国信合(鑫光储蓄所)|泥阳路北50米|0919-6281476;0919-6281459|印台区|109.107073,35.120460|中国信合(鑫光储蓄所)
7|中国工商银行(铜川正阳路支行)|新区正阳路12号联通公司西邻|0919-6181061;0919-6181434|耀州区|108.950598,34.898576|中国工商银行(铜川正阳路支行)
8|中国工商银行(耀州区支行)|药王路95号|0919-3181027|耀州区|108.975944,34.915675|中国工商银行(耀州区支行)
9|中国银行(铜川耀州区支行)|北大街步寿路7号耀州图书馆南20米|0919-6282075|耀州区|108.977572,34.919004|中国银行(铜川耀州区支行)
10|中国工商银行(铜川新区支行)|新区金谟西路35号(近新区管委会)|0919-3181139|耀州区|108.936642,34.902502|中国工商银行(铜川新区支行)
11|中国银行(西街支行)|文营西路西街小学旁|0919-3159300|耀州区|108.977975,34.908323|中国银行(西街支行)
12|长安银行(永乐商城)|永安北路189号永乐商城F1层|0919-6811219|耀州区|108.979694,34.913800|长安银行(永乐商城)
13|中国建设银行(铜川新区支行)|铁诺北路1号(天使小区1号楼)|0919-6861013|耀州区|108.944588,34.904361|中国建设银行(铜川新区支行)
14|长安银行(铜川分行)|印象20081楼|0919-4183694|耀州区|108.938372,34.892088|长安银行(铜川分行)
15|中国信合(柳林中心卫生院北)|柳林中心卫生院附近(柳林镇)|0919-3158805|耀州区|108.818672,35.054814|中国信合(柳林中心卫生院北)
16|陕西信合|华原路与塔坡路交叉口西南50米|0919-4183140;0919-4183610|耀州区|108.977022,34.920582|陕西信合
17|铜川耀州新华村镇银行|华原路与锦阳路交叉口西南150米|0919-6183614;0919-6585294|耀州区|108.969475,34.918856|铜川耀州新华村镇银行
18|中国工商银行|东环路与正阳路交叉口西100米|0919-7568751|耀州区|108.959248,34.904561|中国工商银行
19|中国信合(关庄信用社)|关庄镇中国人寿保险东南80米|0919-3181139;0919-2152093|耀州区|108.873713,34.958055|中国信合(关庄信用社)
20|中国建设银行(永安北路支行)|永安北路中段(鼎尚购物广场旁边)|0919-2151357;0919-2151748|耀州区|108.978840,34.914675|中国建设银行(永安北路支行)
21|中国工商银行(长丰北路)|咸丰东路8附近|0919-6182021|印台区|109.099316,35.111344|中国工商银行(长丰北路)
22|中国工商银行(南大街支行)|永安南路102号|0919-2392057|耀州区|108.945123,34.910258|中国工商银行(南大街支行)
23|中国工商银行(金谟路支行)|金谟路永辉大厦1层|0919-3281691|耀州区|108.980870,34.908388|中国工商银行(金谟路支行)
24|中国农业银行(铜川印台区支行)|同官路150号|0919-3588118|耀州区|108.940492,34.906953|中国农业银行(铜川印台区支行)
25|中国建设银行(铜川分行)|五一路20号(近火车站)|0919-2183097|印台区|109.102125,35.106098|中国建设银行(铜川分行)
26|中国建设银行(耀州区支行)|药王路75号|0919-4183814|王益区|109.095334,35.079089|中国建设银行(耀州区支行)
27|中国工商银行(崔家沟支行)|杏树坪村万邦电脑科技东侧50米|0919-2163463|耀州区|108.975079,34.915204|中国工商银行(崔家沟支行)
28|中国建设银行(铜川分行营业部)|长虹南路与正阳路十字南侧|0919-3581138|耀州区|108.870994,35.261834|中国建设银行(铜川分行营业部)
29|中国建设银行(红旗街支行)|红旗街64号附2号|0919-3285597|耀州区|108.947763,34.895793|中国建设银行(红旗街支行)
30|中国农业银行(耀州区支行)|药王路86号|0919-2183267|王益区|109.074047,35.067090|中国农业银行(耀州区支行)
31|中国银行铜川川口支行|川口路9号金茂大厦1楼|0919-4183229;0919-4183040|耀州区|108.976687,34.915845|中国银行铜川川口支行
32|中国银行|金鼎路与铁诺南路十字东北角|0919-2660988|王益区|109.060608,35.061798|中国银行
33|中国邮政储蓄银行(铁诺南路)|华原东道龙凤佳城商业广场B座1层105号|0919-5986343|王益区|109.059370,35.062747|中国邮政储蓄银行(铁诺南路)
34|中国邮政储蓄银行(铁诺支行)|鸭口矿广徐路93号|0919-2686702|耀州区|108.947700,34.902910|中国邮政储蓄银行(铁诺支行)
35|中国工商银行(铜川新区分行)|斯明街与经纬路交叉口东北150米|0919-2681931|耀州区|108.945658,34.903840|中国工商银行(铜川新区分行)
36|中国建设银行(斯正街)|新区长虹南路大耀城新时代酒店一层|0919-3183233|耀州区|108.941716,34.902184|中国建设银行(斯正街)
37|西安银行(铜川分行)|朝阳路海林御苑|0919-6986015|耀州区|108.940949,34.895858|西安银行(铜川分行)
38|中国银行(铜川朝阳路支行)|永安北路23号|0919-2895827|耀州区|108.948163,34.896413|中国银行(铜川朝阳路支行)
39|中国农业银行(城关分理处)|七一路与公园路交叉口西北50米|0919-2153053|耀州区|108.930254,34.886187|中国农业银行(城关分理处)
40|中国信合(山城信用社)|正阳路与长丰南路交汇处|0919-7189288|耀州区|108.980561,34.907925|中国信合(山城信用社)
41|中国农业银行(铜川正阳路分理处)|七一路103号|0919-2660988|王益区|109.084370,35.072935|中国农业银行(铜川正阳路分理处)
42|中国农业银行(铜川七一路支行)|新区正阳路3号|0919-3288491|耀州区|108.954727,34.900690|中国农业银行(铜川七一路支行)
43|中国人民银行(铜川市中心支行)|同官路66号|0919-6181109|王益区|109.078403,35.070552|中国人民银行(铜川市中心支行)
44|中国银行ATM(印台支行)|长虹南路碰碰凉旁(秦岭小区门口)|0919-2165706|耀州区|108.940730,34.893335|中国银行ATM(印台支行)
45|陕西信合(长虹信用社)|同官路66号|0919-6931021|印台区|109.099904,35.116216|陕西信合(长虹信用社)
46|中国银行(印台支行)|七一路80号药市斜对面(乐万家购物中心附近)|0919-6821186|耀州区|108.949737,34.894712|中国银行(印台支行)
47|中国信合(七一路分社)|同官路中段|0919-3191592|王益区|109.060071,35.061068|中国信合(七一路分社)
48|中国信合24小时自助银行(川口路)|朝阳路西50米|0919-7189288|印台区|109.099951,35.116460|中国信合24小时自助银行(川口路)
49|中国农业银行(铜川朝阳路分理处)|金谟东路2号|0919-2185004|耀州区|108.973868,34.915409|中国农业银行(铜川朝阳路分理处)
50|中国建设银行24小时自助银行(新区支行)|步寿路与药王路交叉口东150米|0919-3283016|印台区|109.099695,35.112950|中国建设银行24小时自助银行(新区支行)
51|陕西信合|北新街(电力局对面)|0919-2181333|耀州区|108.930105,34.886084|陕西信合
52|陕西信合|棋盘镇棋盘村东组69号|0919-6585452|耀州区|108.944525,34.904318|陕西信合
53|中国信合(棋盘信用社)|210国道西50米|0919-2683764|耀州区|108.979947,34.916195|中国信合(棋盘信用社)
54|中国信合(新乐分社)|五一路与河滨路交叉口北50米|0919-6183644|耀州区|108.978379,34.917588|中国信合(新乐分社)
55|中国工商银行(铜川五一路支行)|王家河北路西50米|0919-3281691;0919-2801286|宜君县|109.193428,35.300876|中国工商银行(铜川五一路支行)
56|中国信合(王家河北路)|华原东道枫林小区北门旁|0919-2895827|王益区|109.036653,35.020924|中国信合(王家河北路)
57|长安银行(枫林社区支行)|红旗街156附近|0919-2151332;0919-2151211|王益区|109.098597,35.082634|长安银行(枫林社区支行)
58|中国信合(红旗分社)|董家河镇铜川市航汽铝工业园附近|0919-7189388|王益区|109.051463,35.073145|中国信合(红旗分社)
59|陕西信合|青年路|0919-2686702|耀州区|108.937991,34.898628|陕西信合
60|陕西信合|红旗街86号信合大厦陕西信合营业厅|0919-7382323|王益区|109.065250,35.062230|陕西信合
61|陕西信合(新建巷分社)|黄堡街与210国道交汇处东100米|0919-6988100|王益区|109.065177,35.062287|陕西信合(新建巷分社)
62|陕西信合(黄堡分社)|药王路与锦阳路交叉口东100米|0919-6986015|耀州区|109.004373,34.966844|陕西信合(黄堡分社)
63|陕西信合|永安南路99附近|0919-6580154|王益区|109.104171,35.082268|陕西信合
64|陕西信合|金鼎路与铁诺南路交叉口西北150米|0919-4183694;0919-4183467|王益区|109.072013,35.065371|陕西信合
65|中国信合(新城信用社)|金谟路永辉大厦1层附近|0919-2183823;0919-2187541|王益区|109.027273,35.003161|中国信合(新城信用社)
66|中国信合|七一路翠溪大厦C段(近体育桥)|0919-4183405|耀州区|108.973077,34.915231|中国信合
67|中国建设银行(七一路支行)|照金街道|0919-2159255|耀州区|108.982288,34.903128|中国建设银行(七一路支行)
68|陕西信合|瑶曲镇下石节矿|0919-2895827|耀州区|108.947075,34.902633|陕西信合
69|中国信合(瑶曲镇)|红旗街19号|0919-2151432|耀州区|108.980556,34.907942|中国信合(瑶曲镇)
70|中国信合(川口路店)|长虹南路新时代广场1层|0919-2681087|耀州区|108.940465,34.906716|中国信合(川口路店)
71|中国农业银行(长虹路支行)|黄堡街与210国道交叉口东北150米|0919-3182977;0919-2180323|王益区|109.079214,35.070999|中国农业银行(长虹路支行)
72|陕西信合黄堡信用社|川口路14号|0919-8159999|耀州区|108.639343,35.055111|陕西信合黄堡信用社
73|陕西信合(川口路店)|石柱乡石柱街道创新装饰东南30米|0919-3285087|耀州区|108.881868,35.191542|陕西信合(川口路店)
74|中国信合(石柱信用社)|斯正街|0919-2696031|王益区|109.072240,35.065513|中国信合(石柱信用社)
75|中国农业发展银行(铜川市分行营业部)|孙塬镇南大街(南街幼儿园对面)附近|0919-2887219|耀州区|108.949455,34.895009|中国农业发展银行(铜川市分行营业部)
76|陕西信合|柳公路与锦阳三巷交叉口东南150米|0919-3191372|王益区|109.027169,35.004005|陕西信合
77|中国信合(北新街分社)|红旗街64号-2号|0919-4189328;0919-4183040|王益区|109.060600,35.060495|中国信合(北新街分社)
78|中国建设银行24小时自助银行(红旗街支行)|旬耀路北50米|0919-6281109|耀州区|108.965802,35.070895|中国建设银行24小时自助银行(红旗街支行)
79|陕西信合|楼耀路西50米|0919-5820008|耀州区|108.931932,34.890743|陕西信合
80|陕西信合|董桃路|0919-2686702|耀州区|109.029551,34.942362|陕西信合
81|陕西信合|幸福里西50米(华夏南道北)|0919-2182990|耀州区|108.978297,34.918118|陕西信合
82|陕西信合(华夏路分社)|新建巷8号|0919-6186932|王益区|109.074049,35.067127|陕西信合(华夏路分社)
83|中国信合(新建巷分社)|陈炉镇街道陈炉镇政府附近|0919-7189444|耀州区|108.901231,34.852738|中国信合(新建巷分社)
84|陕西信合(陈炉镇政府)|云梦堤与大同路交叉口东南50米|0919-6183806;0919-6186194|耀州区|108.873702,34.958075|陕西信合(陈炉镇政府)
85|陕西信合|三里洞花园|0919-4189328|耀州区|108.979975,34.972071|陕西信合
86|陕西信合(小丘信用社)|高楼河镇高楼河街道|0919-7684304|耀州区|108.943521,34.888297|陕西信合(小丘信用社)
87|中国银行(三里洞支行)|文营西路与锦阳路交叉口东北100米|0919-7382301|王益区|109.075998,35.069376|中国银行(三里洞支行)
88|陕西信合(石柱信用社)|育才路|0919-2182291|耀州区|108.977041,34.920617|陕西信合(石柱信用社)
89|陕西信合|利民路与育才路交叉口东150米|0919-7581304|印台区|109.159789,35.023930|陕西信合
90|中国建设银行24小时自助银行|华原路与塔坡路交叉口西南100米|0919-2895827|王益区|109.094697,35.074905|中国建设银行24小时自助银行
91|陕西信合(铜工信用社)|同官路118号|0919-3285597|耀州区|108.778370,34.907727|陕西信合(铜工信用社)
92|陕西信合|华原路与锦阳路交叉路口往西北约100米(华艺君城)|0919-2880603|印台区|109.102388,35.091429|陕西信合
93|陕西信合(新街信用社)|步寿路68号附近|0919-7392081|耀州区|108.965712,35.070861|陕西信合(新街信用社)
94|中国邮政储蓄银行|步寿路4号|0919-2392057|印台区|109.405726,35.131613|中国邮政储蓄银行
95|陕西信合耀州区贷款营销中心|药王路23号|0919-2163336|耀州区|108.974411,34.907786|陕西信合耀州区贷款营销中心
96|中国工商银行24小时自助银行(印台区支行)|新区咸丰路邮政局综合楼3楼|0919-2881856|王益区|109.073532,35.070741|中国工商银行24小时自助银行(印台区支行)
97|中国农业发展银行(铜川市耀州区支行)|延安路78附近|0919-4181063|耀州区|108.881783,35.191423|中国农业发展银行(铜川市耀州区支行)
98|中国信合24小时自助银行(北新街分社)|红旗街15号|0919-5888294|印台区|108.926811,35.303361|中国信合24小时自助银行(北新街分社)
99|中国人民银行(耀州支行)|农村信用合作社庙湾信用社|0919-5281371|王益区|109.072772,35.068356|中国人民银行(耀州支行)
100|中国邮政储蓄银行(耀州区支行)|黄堡街与210国道交叉口东南50米|0919-7390284|耀州区|108.976763,34.920579|中国邮政储蓄银行(耀州区支行)
101|中国邮政储蓄银行(铜川分行营业部)|新区咸丰路邮政局综合楼3楼|0919-2153053|印台区|109.102184,35.108314|中国邮政储蓄银行(铜川分行营业部)
102|中国信合(三里洞分社)|同官路104号|0919-5281505|耀州区|108.970043,34.919110|中国信合(三里洞分社)
103|陕西信合(耀州联社营业部)|同官路与平康路交叉口东50米|0919-6821263|耀州区|108.978477,34.917700|陕西信合(耀州联社营业部)
104|中国银行(铜川分行)|210国道西50米|0919-6911022|耀州区|108.977887,34.919555|中国银行(铜川分行)
105|陕西信合(庙湾信用社)|富红路北50米|0919-5281371|耀州区|108.974033,34.915433|陕西信合(庙湾信用社)
106|中国工商银行(黄堡支行)|广阳镇广阳镇街道|0919-5281770;0919-5281376|耀州区|108.941806,34.908165|中国工商银行(黄堡支行)
107|中国邮政储蓄银行24小时自助银行(铁诺北路支行)|红旗街4号|0919-6831002|印台区|109.101669,35.090973|中国邮政储蓄银行24小时自助银行(铁诺北路支行)
108|陕西信合(同官信用社)|重兴南路东50米|0919-5981326|耀州区|108.977093,34.920601|陕西信合(同官信用社)
109|陕西信合(鑫光分社)|金谟路与铁诺北路交叉路口东北侧(金谟小区)|0919-5281266|王益区|109.073329,35.066955|陕西信合(鑫光分社)
110|陕西信合(耀州区信用联社)|华兴北路与文营西路交叉口西50米|0919-5988308|耀州区|108.776924,35.160177|陕西信合(耀州区信用联社)
111|陕西信合|G65包茂高速(孝北村)||王益区|109.026691,35.002909|陕西信合
112|陕西信合(金锁信用社)|董家河镇||耀州区|108.941607,34.908370|陕西信合(金锁信用社)
113|陕西信合(阿庄信用社)|药王路86号||印台区|109.100466,35.100191|陕西信合(阿庄信用社)
114|陕西信合|川口路77金茂国际大厦||印台区|109.102147,35.109509|陕西信合
115|陕西信合招商分社|斯正街5附近||印台区|109.099938,35.116151|陕西信合招商分社
116|中国信合24小时自助银行(金华分社)|工人新村秦岭水泥股份有限公司||耀州区|108.947096,34.934327|中国信合24小时自助银行(金华分社)
117|中国银行24小时自助银行(金谟路支行)|新材料产业园区管委会西南||印台区|109.200139,35.106155|中国银行24小时自助银行(金谟路支行)
118|中国农业银行24小时自助银行|董桃路南50米||印台区|109.052938,35.212149|中国农业银行24小时自助银行
119|中国信合(孝北分社)|梅乐园小区东100米(文昌东路北)||印台区|109.309133,35.170855|中国信合(孝北分社)
120|中国信合(董家河信用社)|永乐堤||印台区|109.357460,35.118360|中国信合(董家河信用社)
121|中国农业银行24小时自助银行(耀州区支行)|七一路42号||印台区|109.102453,35.091498|中国农业银行24小时自助银行(耀州区支行)
122|中国银行ATM(川口支行)|旬耀路东50米||王益区|109.062582,35.062041|中国银行ATM(川口支行)
123|中国建设银行24小时自助银行|文营东路与文营西路交叉口北100米||王益区|109.104175,35.082125|中国建设银行24小时自助银行
124|中国工商银行(水泥厂分理处)|七一路25号||耀州区|108.943695,34.907421|中国工商银行(水泥厂分理处)
125|中国银行24小时自助银行|药王路与铁牛路交叉口北200米||耀州区|108.974980,34.907516|中国银行24小时自助银行
126|中国银行24小时自助银行|同官路118号||耀州区|109.004688,34.950699|中国银行24小时自助银行
127|中国邮政储蓄银行|华原路与塔坡路交叉口南50米||耀州区|109.005228,34.967865|中国邮政储蓄银行
128|中国邮政储蓄银行(河滨路)|大同桥大同路1号||耀州区|108.976657,34.915762|中国邮政储蓄银行(河滨路)
129|中国银行24小时自助银行|永安北路189号永乐商城F1层||王益区|109.060608,35.061798|中国银行24小时自助银行
130|新华村镇银行|文营西路与永安南路交叉口东南50米||耀州区|108.940931,34.895847|新华村镇银行
131|中国银行24小时自助银行|文营西路与西城南路口||耀州区|108.991599,34.911293|中国银行24小时自助银行
132|陕西信合24小时自助银行|阳光花园北门东侧||耀州区|108.896206,34.849920|陕西信合24小时自助银行
133|中国工商银行(王益区支行)|金鼎路与铁诺南路交叉口西北150米||耀州区|109.000005,34.970748|中国工商银行(王益区支行)
134|中国工商银行24小时自助银行|同官路南关曙光市场3-4号||耀州区|108.936390,34.914317|中国工商银行24小时自助银行
135|中国工商银行(印台区支行)|玉华镇新街115号玉华社区||王益区|109.100861,35.081014|中国工商银行(印台区支行)
136|陕西信合24小时自助银行|金谟路永辉大厦1层||王益区|109.086318,35.073189|陕西信合24小时自助银行
137|农村商业银行(王益信用社)|楼耀路东50米||耀州区|108.782186,34.909058|农村商业银行(王益信用社)
138|ATM(永乐商城)|重兴南路东50米||耀州区|108.871932,35.261902|ATM(永乐商城)
139|中国工商银行24小时自助银行|红旗街华天广场内||印台区|109.099640,35.113086|中国工商银行24小时自助银行
140|中国工商银行24小时自助银行|东原大道与鸿基东路交叉口东北200米恒盛花园商住小区附近||耀州区|108.981066,34.909623|中国工商银行24小时自助银行
141|中国银行ATM(铜川新区支行)|长虹南路与正阳路十字南侧||王益区|109.089230,35.074719|中国银行ATM(铜川新区支行)
142|陕西信合24小时自助银行|延安路15-49号||耀州区|108.982555,34.917432|陕西信合24小时自助银行
143|南关邮政储蓄ATM(延安路)|红旗街66号中银广场对面||印台区|109.102295,35.108278|南关邮政储蓄ATM(延安路)
144|中国邮政储蓄银行24小时自助银行(新街营业所)|五一路26号||耀州区|108.977108,34.920518|中国邮政储蓄银行24小时自助银行(新街营业所)
145|中国工商银行ATM(金谟路支行)|庙湾镇||王益区|109.059360,35.062100|中国工商银行ATM(金谟路支行)
146|中国信合24小时自助银行|红旗桥2号||王益区|109.094708,35.074859|中国信合24小时自助银行
147|中国信合(金华分社)|步寿路与药王路交叉口东150米||耀州区|108.979631,34.913883|中国信合(金华分社)
148|中国农业银行(红旗街分理处)|延安路惠民佳苑18号楼||耀州区|108.980836,34.908409|中国农业银行(红旗街分理处)
149|长安银行(铜川分行)|水泥厂路||耀州区|108.976094,34.907486|长安银行(铜川分行)
150|中国农业银行24小时自助银行(铜川长虹路分理处)|华原路与步寿路交叉路口往东约100米||耀州区|108.946497,34.895062|中国农业银行24小时自助银行(铜川长虹路分理处)
151|中国信合(延安路支行)|长虹南路7附近||耀州区|108.947087,34.902612|中国信合(延安路支行)
152|中国工商银行(铜川红旗街支行)|重兴南路2号附近||印台区|109.101664,35.104171|中国工商银行(铜川红旗街支行)
153|中国邮政储蓄银行(五一路营业所)|红旗街88附近||印台区|108.926176,35.304983|中国邮政储蓄银行(五一路营业所)
154|农村信用合作社ATM|华夏南道文景佳园一期(幸福里)135号(新区医院对面)||耀州区|108.940488,34.906910|农村信用合作社ATM
155|西安银行(铜川王益区支行)|同官路与济阳路交叉口东南50米||耀州区|108.881831,35.191485|西安银行(铜川王益区支行)
156|陕西信合24小时自助银行|楼耀路西50米||王益区|109.104114,35.083443|陕西信合24小时自助银行
157|铜川印台恒通村镇银行|王家河北路11号||王益区|109.073887,35.067508|铜川印台恒通村镇银行
158|中国银行24小时自助银行|新区环城东路中段华荣商城||耀州区|108.945351,34.888187|中国银行24小时自助银行
159|耀州区农村信用合作联社24小时自助银行|兴盛街东段兴盛小区1楼||耀州区|108.948574,34.895873|耀州区农村信用合作联社24小时自助银行
160|中国农业银行24小时自助银行(长虹路支行)|七一路||印台区|109.100646,35.100085|中国农业银行24小时自助银行(长虹路支行)
161|中国建设银行24小时自助银行|长虹南路时代广场南侧||耀州区|108.941447,34.901998|中国建设银行24小时自助银行
162|中国工商银行24小时自助银行|长虹南路与鸿基东路交叉口西南100米||王益区|109.073557,35.066634|中国工商银行24小时自助银行
163|中国邮政储蓄银行(新区支行)|正阳路与长丰南路交叉口东南100米||王益区|109.094606,35.078145|中国邮政储蓄银行(新区支行)
164|中国工商银行24小时自助银行|北大街与药王路交叉路口南侧(解放商厦)||耀州区|108.974979,34.915185|中国工商银行24小时自助银行
165|中国农业发展银行|同官路22号||耀州区|108.777120,35.160280|中国农业发展银行
166|陕西信合24小时自助银行|新区金鼎路凯悦酒店一楼||王益区|109.074736,35.066939|陕西信合24小时自助银行
167|陕西信合王家河信用社铜川市王益区农村信用合作联社|育才路29号陕西铜川工业技师学院||耀州区|108.979968,34.916196|陕西信合王家河信用社铜川市王益区农村信用合作联社
168|中国工商银行24小时自助银行(正阳路)|步寿路与华原路十字西南角||印台区|109.100984,35.102676|中国工商银行24小时自助银行(正阳路)
169|中国工商银行24小时自助银行(耀州区支行)(装修中)|红旗街15附近中心广场||耀州区|108.992115,34.907459|中国工商银行24小时自助银行(耀州区支行)(装修中)
170|中国建设银行24小时自助银行(七一路支行)|青年路16号||耀州区|108.977035,34.920668|中国建设银行24小时自助银行(七一路支行)
171|中国邮政储蓄银行(长虹路营业所)|渠岸巷与里仁巷交叉口西北50米||耀州区|108.949427,34.895039|中国邮政储蓄银行(长虹路营业所)
172|中国银行24小时自助银行(铜川分行)|华原路与长虹路交叉口往西150米||王益区|109.101745,35.080045|中国银行24小时自助银行(铜川分行)
173|中国农业银行24小时自助银行(铜川正阳路支行)|秦岭水泥股份有限公司工人新村||王益区|109.072712,35.065836|中国农业银行24小时自助银行(铜川正阳路支行)
174|中国建设银行24小时自助银行(永安北路支行)|文营西路与永安南路交叉口南50米||耀州区|108.944944,34.888055|中国建设银行24小时自助银行(永安北路支行)
175|中国邮政储蓄银行(五一路营业所)|西舍村||王益区|109.094106,35.077586|中国邮政储蓄银行(五一路营业所)
176|长安银行(铜川金鼎路社区支行)|黄堡街与210国道交叉口东150米||印台区|109.102223,35.106814|长安银行(铜川金鼎路社区支行)
177|中国银行24小时自助银行(耀州区支行)|华原路与锦阳路交叉口西南150米||耀州区|108.873770,34.958008|中国银行24小时自助银行(耀州区支行)
178|中国工商银行24小时自助银行|朝阳路8号正西方向70米||王益区|109.039188,35.098310|中国工商银行24小时自助银行
179|中国银行24小时自助银行(耀州区支行)|红旗街15号||耀州区|108.959291,34.904590|中国银行24小时自助银行(耀州区支行)
180|中国农业银行24小时自助银行(红旗街分理处)|正阳路与铁诺南路交叉口西南100米||耀州区|108.975668,34.915694|中国农业银行24小时自助银行(红旗街分理处)
181|中国邮政邮政储蓄(青年路邮政所店)|光明路南段||王益区|109.079453,35.071095|中国邮政邮政储蓄(青年路邮政所店)
182|中国银行24小时自助银行(西街支行)|小丘邮政所||耀州区|108.949093,34.895396|中国银行24小时自助银行(西街支行)
183|中国工商银行ATM(铜川长虹路支行)|惠民佳苑南(延安路西)||耀州区|108.951695,34.891315|中国工商银行ATM(铜川长虹路支行)
184|中国工商银行24小时自助银行(水泥厂支行)|公园路陕西信合||耀州区|108.954951,34.900775|中国工商银行24小时自助银行(水泥厂支行)
185|中国信合(铜川市耀州区人民政府东北)|新区朝阳路铜川职业技术学院(西北门)附近||耀州区|108.978845,34.914671|中国信合(铜川市耀州区人民政府东北)
186|中国信合(尧生信用社)|庙湾小学||印台区|109.099980,35.113939|中国信合(尧生信用社)
187|中国银行24小时自助银行|方泉小区东南50米(同官路东)||耀州区|108.948935,34.902348|中国银行24小时自助银行
188|新华村镇银行24小时自助银行|210国道西50米||耀州区|108.977607,34.919086|新华村镇银行24小时自助银行
189|中国邮政储蓄银行24小时自助银行|文营东路与文营西路交叉口北100米||王益区|109.069831,35.066164|中国邮政储蓄银行24小时自助银行
190|中国银行24小时自助银行(红旗街支行)|红旗街中心商业广场||耀州区|108.977150,34.920560|中国银行24小时自助银行(红旗街支行)
191|中国工商银行24小时自助银行(正阳路支行)|华原路什字路口||王益区|109.073889,35.067510|中国工商银行24小时自助银行(正阳路支行)
192|中国建设银行24小时自助银行(朝阳路支行)|黄堡镇||王益区|109.102453,35.084977|中国建设银行24小时自助银行(朝阳路支行)
193|中国邮政储蓄银行(小丘营业所)|步寿路50号||耀州区|108.977866,34.908373|中国邮政储蓄银行(小丘营业所)
194|中国邮政储蓄银行(南关营业所)|正阳国际广场1楼||耀州区|108.941070,34.901601|中国邮政储蓄银行(南关营业所)
195|陕西信合24小时自助银行(川口分社)|红旗街铜川招商市场西北侧40米||耀州区|108.991601,34.911273|陕西信合24小时自助银行(川口分社)
196|中国建设银行24小时自助银行|旬耀路||耀州区|108.982561,34.908753|中国建设银行24小时自助银行
197|中国邮政储蓄银行(庙湾营业所)|步寿路与华原路十字西南角||宜君县|109.350112,35.428477|中国邮政储蓄银行(庙湾营业所)
198|中国银行24小时自助银行|南大街60号||王益区|109.028062,35.002940|中国银行24小时自助银行
199|中国信合(金锁信用社)|天宝路与柳公路交叉口西北100米||耀州区|108.969687,34.918951|中国信合(金锁信用社)
200|中国信合ATM(铜川市耀州区人民政府东北)|红土邮政所(305省道北)||耀州区|108.930505,34.886068|中国信合ATM(铜川市耀州区人民政府东北)
201|中国邮政储蓄银行(红旗营业所)(装修中)|同官路南关曙光市场3-4号||王益区|109.073308,35.066936|中国邮政储蓄银行(红旗营业所)(装修中)
202|中国邮政储蓄银行(华原营业所)|王石凹镇||耀州区|108.950506,34.898517|中国邮政储蓄银行(华原营业所)
203|中国邮政储蓄银行(黄堡支行)|广阳镇牛超农家店东北60米||耀州区|108.936870,34.888425|中国邮政储蓄银行(黄堡支行)
204|中国邮政储蓄银行(耀州区支行)|新区华原东道北、长虹北路西||耀州区|108.781384,34.908407|中国邮政储蓄银行(耀州区支行)
205|中国工商银行24小时自助银行(铜川正阳路支行)|永辉大厦1楼||印台区|109.100908,35.102371|中国工商银行24小时自助银行(铜川正阳路支行)
206|中国邮政储蓄银行(川口支行)|新区长丰北路与咸丰路十字银座商业广场A座一层139号||王益区|109.060608,35.060464|中国邮政储蓄银行(川口支行)
207|中国农业银行24小时自助银行|健康路中段8号||耀州区|108.931262,34.886129|中国农业银行24小时自助银行
208|陕西信合铜川市耀州区农村信用合作联社营业部|旬耀路北50米||耀州区|108.777043,35.160644|陕西信合铜川市耀州区农村信用合作联社营业部
209|中国工商银行24小时自助银行(南大街支行)|川口路5号||印台区|109.102275,35.108698|中国工商银行24小时自助银行(南大街支行)
210|中国工商银行24小时自助银行(铜川分行南大街支行)|正大路与正阳路交叉口东南150米||印台区|109.053290,35.212623|中国工商银行24小时自助银行(铜川分行南大街支行)
211|中国邮政储蓄银行(红土镇营业所)|朝阳路中段路北||耀州区|108.981069,34.909520|中国邮政储蓄银行(红土镇营业所)
212|中国邮政储蓄银行(南关邮政储蓄)|新区金谟西路35号||王益区|109.076776,35.069977|中国邮政储蓄银行(南关邮政储蓄)
213|中国邮政储蓄银行(傲背营业所)|东街方泉小区7号楼1层||印台区|109.101812,35.107325|中国邮政储蓄银行(傲背营业所)
214|中国邮政储蓄银行(广阳营业所)|小河沟翠溪小区||耀州区|108.973458,34.918948|中国邮政储蓄银行(广阳营业所)
215|中国工商银行24小时自助银行(长虹路支行)|香山路与药王路交叉口西北方向40米||王益区|109.028403,35.002847|中国工商银行24小时自助银行(长虹路支行)
216|陕西信合|玉华镇新街115号||耀州区|108.980888,34.910166|陕西信合
217|中国工商银行24小时自助银行(金谟路支行长丰北路)|鸭口||耀州区|108.953246,34.899990|中国工商银行24小时自助银行(金谟路支行长丰北路)
218|中国建设银行24小时自助银行|王家河北路与王家河南路交叉口西50米||王益区|109.062647,35.062109|中国建设银行24小时自助银行
219|陕西信合24小时自助银行(楼村信用社)|古柏路与育才路交叉口西50米||耀州区|108.904129,34.852057|陕西信合24小时自助银行(楼村信用社)
220|中国工商银行24小时自助银行(川口支行)|健康路与大同路交叉口西50米||耀州区|108.977121,34.920712|中国工商银行24小时自助银行(川口支行)
221|中国工商银行24小时自助银行(红旗街支行)|五一路20号||耀州区|108.980876,34.908371|中国工商银行24小时自助银行(红旗街支行)
222|中国邮政储蓄银行24小时自助银行|城关街道陕西信合||耀州区|108.974074,34.919156|中国邮政储蓄银行24小时自助银行
223|中国农业银行24小时自助银行(朝阳路分理处)|七一路103号||印台区|109.267438,35.138072|中国农业银行24小时自助银行(朝阳路分理处)
224|中国工商银行24小时自助银行(铜川新区支行)|华原东道龙凤佳城商业广场B座||印台区|109.101783,35.104207|中国工商银行24小时自助银行(铜川新区支行)
225|中国邮政储蓄银行(印台区支行)|同官路150号||印台区|109.200196,35.106863|中国邮政储蓄银行(印台区支行)
226|陕西信合铜川市王益区农村信用合作联社翠溪分社|陈炉镇街道陈炉镇政府附近||印台区|109.356569,35.118717|陕西信合铜川市王益区农村信用合作联社翠溪分社
227|中国工商银行24小时自助银行(耀州区支行药王路)|三里洞街道三里洞大花园幸福佳苑1号楼||耀州区|108.941576,34.902511|中国工商银行24小时自助银行(耀州区支行药王路)
228|中国邮政储蓄银行(新街营业所)|瑶曲镇||耀州区|108.940360,34.906698|中国邮政储蓄银行(新街营业所)
229|中国邮政储蓄银行(徐家沟邮电所)|红旗街4号||耀州区|108.944970,34.910411|中国邮政储蓄银行(徐家沟邮电所)
230|陕西信合24小时自助银行|高楼河镇||王益区|109.094530,35.072449|陕西信合24小时自助银行
231|陕西信合24小时自助银行|药王路西段北侧8号||耀州区|108.959713,34.856372|陕西信合24小时自助银行
232|陕西信合24小时自助银行|红旗街44号||耀州区|108.901108,34.852760|陕西信合24小时自助银行
233|中国建设银行24小时自助银行(五一路支行)|长虹南路5号附近||王益区|109.059134,35.062291|中国建设银行24小时自助银行(五一路支行)
234|陕西信合铜川市印台区农村信用合作联社印台分社|长虹南路(秦岭小区门口)||王益区|109.073597,35.066669|陕西信合铜川市印台区农村信用合作联社印台分社
235|中国农业银行24小时自助银行(铜川七一路支行)|红旗街52号附近||耀州区|108.945653,34.894559|中国农业银行24小时自助银行(铜川七一路支行)
236|中国银行24小时自助银行(华原东道)|长虹南路15号附近(秦岭小区门口)||耀州区|108.929953,34.886016|中国银行24小时自助银行(华原东道)
237|中国农业银行24小时自助银行(铜川印台区支行)|五一路49号||耀州区|108.936595,34.902469|中国农业银行24小时自助银行(铜川印台区支行)
238|陕西信合24小时自助银行|永安南路175号附近||印台区|109.101170,35.110004|陕西信合24小时自助银行
239|陕西信合(三里洞分社)|庙湾镇||王益区|109.077640,35.072240|陕西信合(三里洞分社)
240|陕西信合24小时自助银行|华原东道枫林小区北门旁||耀州区|108.975941,34.915762|陕西信合24小时自助银行
241|陕西信合24小时自助银行|玉华小区附近||王益区|109.072042,35.065360|陕西信合24小时自助银行
242|陕西信合24小时自助银行|西大街||印台区|108.926148,35.305064|陕西信合24小时自助银行
243|中国工商银行附行式自助银行(铜川分行耀州区支行药王路)|七一路25号||印台区|109.328072,35.124167|中国工商银行附行式自助银行(铜川分行耀州区支行药王路)
244|陕西信合铜川市王益区农村信用合作联社铜工信用社|川口路29号||王益区|109.054098,35.070026|陕西信合铜川市王益区农村信用合作联社铜工信用社
245|中国邮政储蓄银行24小时自助银行(长虹路营业所)|瓦窑巷与重兴北路交叉口西南方向90米||王益区|109.077788,35.071969|中国邮政储蓄银行24小时自助银行(长虹路营业所)
246|陕西信合24小时自助银行(长虹信用社)|金鼎路8号附近||王益区|109.094722,35.074890|陕西信合24小时自助银行(长虹信用社)
247|陕西信合24小时自动银行|北街与同官路交叉口东南100米||王益区|109.095360,35.079157|陕西信合24小时自动银行
248|中国信合(长虹信用社)|同官路114附近||耀州区|108.947893,34.895790|中国信合(长虹信用社)
249|中国农业银行24小时自助银行(铜川火车站分理处)|电信大楼(朝阳路北)||印台区|109.099224,35.111384|中国农业银行24小时自助银行(铜川火车站分理处)
250|中国邮政储蓄银行24小时自助银行(陕西省耀州区支行)|红旗街与过境线交叉口东北100米||王益区|109.078583,35.070739|中国邮政储蓄银行24小时自助银行(陕西省耀州区支行)
251|陕西信合ATM|延安路34附近||耀州区|108.945249,34.903555|陕西信合ATM
252|长安银行24小时自助银行(枫林社区支行)|朝阳西路果树公寓樱桃园小区1栋2单元20102号房||印台区|109.102104,35.106054|长安银行24小时自助银行(枫林社区支行)
253|中国信合24小时自助银行(印台区新街分社)|五一路32号||印台区|109.159819,35.023937|中国信合24小时自助银行(印台区新街分社)
254|中国银行24小时自助银行(文营西路)|高楼河乡街道||印台区|109.101578,35.090923|中国银行24小时自助银行(文营西路)
255|中国工商银行24小时自助银行(铜川王益区支行)(装修中)|药王路23号||王益区|109.098505,35.082575|中国工商银行24小时自助银行(铜川王益区支行)(装修中)
256|陕西信合ATM|七一路79号附近||耀州区|108.881832,35.191486|陕西信合ATM
257|陕西信合24小时自助银行|红旗街156附近||王益区|109.062470,35.062065|陕西信合24小时自助银行
258|中国工商银行附行式自助银行(铜川分行印台区支行同官路)|旬耀路东50米||印台区|109.405810,35.131664|中国工商银行附行式自助银行(铜川分行印台区支行同官路)
259|长安银行24小时自助银行(金鼎路社区支行)|川口路与王家河南路交叉口西北100米||耀州区|108.976312,34.915877|长安银行24小时自助银行(金鼎路社区支行)
260|中国邮政储蓄银行24小时自助银行|铁诺北路与铁诺南路交叉口南100米||王益区|109.073755,35.070871|中国邮政储蓄银行24小时自助银行
261|中国邮政储蓄银行24小时自助银行|金谟路永辉大厦1层附近||耀州区|108.949145,34.895340|中国邮政储蓄银行24小时自助银行
262|西安银行24小时自助银行|红旗街||耀州区|108.949741,34.894707|西安银行24小时自助银行
263|长安银行24小时自助银行|环城西路||王益区|109.075972,35.069288|长安银行24小时自助银行
264|陕西信合|红旗街312号||耀州区|108.949751,34.894612|陕西信合
265|中国信合24小时自助银行|宜阳北街7号附近||王益区|109.095756,35.080265|中国信合24小时自助银行
266|中国工商银行24小时自助银行(铜川朝阳路支行)|城关街道东街||耀州区|108.980903,34.910040|中国工商银行24小时自助银行(铜川朝阳路支行)
267|中国工商银行(铜川分行王益区支行王益区便民服务中心离行式自助银行)|黄堡街与210国道交叉口东北150米||耀州区|108.776970,35.160248|中国工商银行(铜川分行王益区支行王益区便民服务中心离行式自助银行)
268|农村信用合作社(高楼河信用社)|迎宾路||王益区|109.054035,35.070127|农村信用合作社(高楼河信用社)
269|中国邮政储蓄银行24小时自助银行(耀州区支行)|庙湾镇||印台区|109.390183,35.116032|中国邮政储蓄银行24小时自助银行(耀州区支行)
270|陕西信合24小时自助银行(长虹信用社)|广阳镇农村信用合作联社广阳信用社||耀州区|108.938155,34.898563|陕西信合24小时自助银行(长虹信用社)
271|陕西信合24小时自助银行(红旗分社)|广阳镇||印台区|108.926827,35.303357|陕西信合24小时自助银行(红旗分社)
272|新华村镇银行24小时自助银行|青年路金华步行街||耀州区|108.976446,34.907547|新华村镇银行24小时自助银行
273|陕西信合24小时自助银行(城关信用社)|川口王家河南路58号||王益区|109.089055,35.074653|陕西信合24小时自助银行(城关信用社)
274|中国银行智能化旗舰店(川口店)|居安一路||王益区|109.060500,35.060400|中国银行智能化旗舰店(川口店)
275|中国邮政储蓄银行24小时自助银行(铜川市铁诺营业所)|同官路与平康路交叉口东南50米||王益区|109.072355,35.067994|中国邮政储蓄银行24小时自助银行(铜川市铁诺营业所)
276|陕西信合24小时自助银行(金谟路信用社)|瑞和干菜粮油店(305省道北)||耀州区|108.947118,34.934341|陕西信合24小时自助银行(金谟路信用社)
277|长安银行(铜川分行王益区支行)|川口路中段||印台区|109.102240,35.108570|长安银行(铜川分行王益区支行)
278|中国工商银行(宜君县支行)|同官路同官佳苑1层||耀州区|108.949017,34.902401|中国工商银行(宜君县支行)
279|中国邮政储蓄银行24小时自助银行(红旗营业所)|王石凹镇正南方向60米||印台区|109.099998,35.113840|中国邮政储蓄银行24小时自助银行(红旗营业所)
280|陕西信合|马坊村82号||耀州区|108.781210,34.908374|陕西信合
281|中国邮政储蓄银行24小时自助银行(印台区支行)|重兴南路187号附近||印台区|109.102250,35.108881|中国邮政储蓄银行24小时自助银行(印台区支行)
282|陕西信合24小时自助银行(黄堡信用社)|延安路68号正北方向180米||耀州区|108.938596,34.891794|陕西信合24小时自助银行(黄堡信用社)
283|中国邮政储蓄银行24小时自助银行(傲背营业所)|黄堡街什字口||王益区|109.062443,35.062057|中国邮政储蓄银行24小时自助银行(傲背营业所)
284|中国邮政储蓄银行24小时自助银行(庙湾营业所)|哭泉乡委(210国道西)||印台区|109.100622,35.100135|中国邮政储蓄银行24小时自助银行(庙湾营业所)
285|农村信用合作社ATM|宜阳中街22号附近||耀州区|108.929684,34.885672|农村信用合作社ATM
286|中国邮政储蓄银行24小时自助银行(广阳营业所)|新华书店西侧正北方向150米||王益区|109.094210,35.077660|中国邮政储蓄银行24小时自助银行(广阳营业所)
287|中国邮政储蓄银行ATM(青年路)|城关镇宜阳南街||印台区|109.405890,35.131690|中国邮政储蓄银行ATM(青年路)
288|陕西信合(柿树沟信用社)|同官路108号||耀州区|108.973882,34.915411|陕西信合(柿树沟信用社)
289|陕西信合24小时自助银行(照金信用社)|人民法院执行局东(川口路北)||耀州区|108.973590,34.919055|陕西信合24小时自助银行(照金信用社)
290|陕西省农村信用合作社-铜川市印台区财政惠民补贴资金兑付中心|新区华夏大道与鸿基路十字东北侧||王益区|109.082405,35.072213|陕西省农村信用合作社-铜川市印台区财政惠民补贴资金兑付中心
291|中国邮政储蓄银行24小时自助银行(红土镇营业所)|高楼河镇东坡社区中国移动西南50米||王益区|109.065102,35.062222|中国邮政储蓄银行24小时自助银行(红土镇营业所)
292|陕西信合24小时自助银行(新街信用社)|小丘镇小丘中心小学附近||耀州区|108.782183,34.909075|陕西信合24小时自助银行(新街信用社)
293|陕西省农村信用合作社ATM|黄堡街与210国道交叉口东北150米||耀州区|108.980552,34.907960|陕西省农村信用合作社ATM
294|中国建设银行(同官路支行)|永安南路123号附近||王益区|109.059384,35.062707|中国建设银行(同官路支行)
295|陕西信合24小时自助银行(王石凹信用社)|王医路与王家河北路交叉口北150米||耀州区|108.945608,34.903805|陕西信合24小时自助银行(王石凹信用社)
296|农村信用合作社|红旗街86号百盛国贸4层||耀州区|108.940282,34.906694|农村信用合作社
297|陕西信合24小时自助银行(金华分社)|同官路104号||王益区|109.069517,35.063848|陕西信合24小时自助银行(金华分社)
298|陕西信合24小时自助银行(南苑信用社)|幸福路与延安路交叉口西北50米||宜君县|109.114473,35.398737|陕西信合24小时自助银行(南苑信用社)
299|陕西信合(云梦信用社)|利民路与育才路交叉口东150米||王益区|109.076761,35.069965|陕西信合(云梦信用社)
300|中国工商银行ATM(黄堡街)|黄堡街||宜君县|109.118997,35.402190|中国工商银行ATM(黄堡街)
301|陕西信合(哭泉信用社)|210国道西50米||印台区|109.101020,35.109992|陕西信合(哭泉信用社)
302|陕西信合|红旗街86号百盛国贸4层王益区农村信用合作联社营业部||王益区|109.027237,35.004061|陕西信合
303|陕西信合(营业部)|黄堡街与210国道交叉口东100米||印台区|109.200172,35.106859|陕西信合(营业部)
304|陕西信合(龙山分社)|北街与集市西巷交叉口东南50米||耀州区|108.776995,35.160627|陕西信合(龙山分社)
305|陕西信合(尧生信用社)|同官路与平康路交叉口东50米||印台区|109.357720,35.118411|陕西信合(尧生信用社)
306|陕西信合(西村信用社)|同官路89号附近||印台区|109.356528,35.118729|陕西信合(西村信用社)
307|陕西信合24小时自助银行(同官信用社)|宜阳中街19号||王益区|109.100843,35.080931|陕西信合24小时自助银行(同官信用社)
308|铜川税务24小时自助办税自助银行服务|大同路1号||王益区|109.054113,35.070148|铜川税务24小时自助办税自助银行服务
309|长安银行24小时自助银行(鸿基路小微支行)|古柏路与育才路交叉口西50米||耀州区|108.639467,35.055049|长安银行24小时自助银行(鸿基路小微支行)
310|中国邮政储蓄银行(东坡营业所)|傲背迎宾路海营家电中心(近王石凹煤矿)||印台区|109.099840,35.116090|中国邮政储蓄银行(东坡营业所)
311|农村信用合作社(小丘分社)|同官路13号印台区农牧局家属楼一楼||印台区|109.267443,35.138018|农村信用合作社(小丘分社)
312|中国信合24小时自助银行(黄堡信用社)|延安路惠民佳苑18号楼||印台区|108.926908,35.303183|中国信合24小时自助银行(黄堡信用社)
313|中国信合(孙塬信用社)|瑶曲镇下石节矿区家属楼12号楼||王益区|109.060601,35.060245|中国信合(孙塬信用社)
314|陕西信合24小时自助银行(王家河信用社)|红旗街86号百盛国贸4层王益区农村信用合作联社营业部||印台区|109.100715,35.111955|陕西信合24小时自助银行(王家河信用社)
315|铜川市王益区农村信用合作联社(营业部)|小丘镇小丘中心小学附近||印台区|109.200143,35.106160|铜川市王益区农村信用合作联社(营业部)
316|陕西信合24小时自助银行(长虹信用社)|三里洞路与延安路交叉口西50米||宜君县|108.970535,35.351722|陕西信合24小时自助银行(长虹信用社)
317|中国信合24小时自助银行(三里洞分社)|新华书店西侧东北方向160米||王益区|109.104147,35.082300|中国信合24小时自助银行(三里洞分社)
318|中国邮政储蓄银行ATM(红旗支行)|宜阳南街3号||印台区|109.100585,35.099980|中国邮政储蓄银行ATM(红旗支行)
319|陕西信合铜川市王益区农村信用合作联社24小时自助银行(黄堡分社)|红旗街与老虎巷交叉口东北50米||宜君县|109.184736,35.213294|陕西信合铜川市王益区农村信用合作联社24小时自助银行(黄堡分社)
320|陕西信合24小时自助银行(金锁信用社)|尧生中学||王益区|109.026650,35.002926|陕西信合24小时自助银行(金锁信用社)
321|王益区农村信用合作社联合社24小时自助银行|城关镇宜阳中街96号||宜君县|109.084876,35.295467|王益区农村信用合作社联合社24小时自助银行
322|陕西信合24小时自助银行(黄堡分社)|同官路148号附近||宜君县|109.115954,35.395695|陕西信合24小时自助银行(黄堡分社)
323|陕西信合(印台联社城关分社)|云梦乡政府(云梦乡中心小学东北200米)||印台区|109.309115,35.170856|陕西信合(印台联社城关分社)
324|陕西信合24小时自助银行(鑫光信用社)|庙湾镇||宜君县|109.114075,35.398553|陕西信合24小时自助银行(鑫光信用社)
325|中国建设银行24小时自助银行(同官路支行)|五一路26号附近||宜君县|109.114724,35.391581|中国建设银行24小时自助银行(同官路支行)
326|中国农业银行(宜君支行)|人民东路与宜阳中街交叉口南100米||宜君县|109.350381,35.429055|中国农业银行(宜君支行)
327|中国信合ATM(王益信用社)|五里镇街56号||宜君县|109.340091,35.451008|中国信合ATM(王益信用社)
328|中国信合24小时自助银行|棋盘镇宜阳北街7号||印台区|109.099755,35.112905|中国信合24小时自助银行
329|陕西省农村信用合作社24小时自助银行|尧生镇||王益区|109.058905,35.063093|陕西省农村信用合作社24小时自助银行
330|中国工商银行24小时自助银行(印台区支行同官路)|长虹南路东50米||耀州区|108.945416,34.888222|中国工商银行24小时自助银行(印台区支行同官路)
331|铜川印台恒通村镇银行24小时自助银行|太安镇||印台区|109.395040,35.119463|铜川印台恒通村镇银行24小时自助银行
332|中国邮政储蓄银行(石节支行)|胜达・华府(环城西路北)||耀州区|108.778420,34.907751|中国邮政储蓄银行(石节支行)
333|陕西信合24小时自助银行(营业部)|尧生中学||王益区|109.027242,35.004068|陕西信合24小时自助银行(营业部)
334|陕西信合ATM|宜阳中街96号||耀州区|108.982881,34.902890|陕西信合ATM
335|陕西信合24小时自助银行(三里洞分社)|哭泉乡委(210国道西)||王益区|109.039195,35.098327|陕西信合24小时自助银行(三里洞分社)
336|中国农业发展银行(宜君县支行)|棋盘镇||王益区|109.072021,35.065364|中国农业发展银行(宜君县支行)
337|中国信合|西村乡东北方向10米||印台区|109.101956,35.109580|中国信合
338|长安银行24小时自助银行(王益区支行)|彭镇街道8号||王益区|109.063018,35.062204|长安银行24小时自助银行(王益区支行)
339|中国邮政储蓄银行(尧生营业所)|宜阳北街36号附近||印台区|109.101676,35.090978|中国邮政储蓄银行(尧生营业所)
340|中国邮政储蓄银行(宜君支行)|中国信合西村信用社||王益区|109.072749,35.068340|中国邮政储蓄银行(宜君支行)
341|陕西信合24小时自助银行(印台区营业部)|宜阳街||王益区|109.027376,35.003132|陕西信合24小时自助银行(印台区营业部)
342|陕西信合ATM|宜阳南街3号农村信用合作社联合社||印台区|109.052890,35.212305|陕西信合ATM
343|农村信用合作社(庙湾信用社)|宜阳中街22号附近||王益区|109.072104,35.065451|农村信用合作社(庙湾信用社)
344|中国邮政储蓄银行24小时自助银行(五一路营业所)|宜阳北街7号宜君县城关农村信用合作社||王益区|109.027397,35.003126|中国邮政储蓄银行24小时自助银行(五一路营业所)
345|中国农业银行24小时自助银行(宜君支行)|宜阳街7号||印台区|109.099316,35.111344|中国农业银行24小时自助银行(宜君支行)
346|陕西信合ATM|金谟西路2号||印台区|109.099930,35.115986|陕西信合ATM
347|中国邮政储蓄银行(五里镇营业所)|旬耀路北50米||印台区|109.100719,35.111868|中国邮政储蓄银行(五里镇营业所)
348|宜君县城关农村信用合作社|||宜君县|109.116501,35.395940|宜君县城关农村信用合作社
349|陕西信合ATM|||王益区|109.094725,35.074847|陕西信合ATM
350|中国信合24小时自助银行(长虹信用社)|||王益区|109.077581,35.072055|中国信合24小时自助银行(长虹信用社)
351|陕西信合24小时自助银行(太安信用社)|||印台区|109.200183,35.106300|陕西信合24小时自助银行(太安信用社)
352|陕西信合24小时自助银行(营业部)|||印台区|109.099480,35.116802|陕西信合24小时自助银行(营业部)
353|中国邮政储蓄银行24小时自助银行(尧生营业所)|||印台区|109.101052,35.102918|中国邮政储蓄银行24小时自助银行(尧生营业所)
354|中国邮政储蓄银行24小时自助银行(宜阳街营业所)|||耀州区|108.880885,35.190605|中国邮政储蓄银行24小时自助银行(宜阳街营业所)
355|中国邮政储蓄银行24小时自助银行(五里镇营业所)|||王益区|109.072066,35.065378|中国邮政储蓄银行24小时自助银行(五里镇营业所)
356|陕西信合24小时自助银行(哭泉信用社)|||耀州区|108.778370,34.907889|陕西信合24小时自助银行(哭泉信用社)
357|陕西信合24小时自助银行(棋盘信用社)|||印台区|109.101788,35.091113|陕西信合24小时自助银行(棋盘信用社)
358|陕西信合24小时自助银行(西村信用社)|||宜君县|109.114931,35.398577|陕西信合24小时自助银行(西村信用社)
359|农村信用合作社(彭镇)|||宜君县|109.115221,35.391388|农村信用合作社(彭镇)
360|中国农业银行24小时自助银行|||王益区|109.069622,35.063899|中国农业银行24小时自助银行
361|西村信用社24小时自助银行(宜君县农村信用合作联社)|||宜君县|109.348946,35.428066|西村信用社24小时自助银行(宜君县农村信用合作联社)
362|中国农业银行24小时自助银行|||宜君县|109.116615,35.396342|中国农业银行24小时自助银行
363|陕西信合24小时自助银行|||印台区|109.101770,35.106565|陕西信合24小时自助银行
364|陕西信合24小时自助银行|||宜君县|109.184616,35.213258|陕西信合24小时自助银行
365|宜君县城关农村信用合作社24小时自助银行|||耀州区|108.777020,35.160240|宜君县城关农村信用合作社24小时自助银行
366|陕西信合24小时自助银行(城关信用社)|||王益区|109.094480,35.078170|陕西信合24小时自助银行(城关信用社)
367|中国农业银行24小时自助银行(铜川新区支行)|||宜君县|109.116398,35.395797|中国农业银行24小时自助银行(铜川新区支行)
368|中国信合24小时自助银行(楼村信用社)|||宜君县|109.128403,35.411059|中国信合24小时自助银行(楼村信用社)
369||||宜君县|109.310660,35.458943|中国信合(坡头信用社)
370||||宜君县|109.118943,35.402214|陕西信合
371||||宜君县|109.350497,35.428995|中国信合ATM(新城信用社)
372||||耀州区|108.949750,34.894614|陕西信合(山城信用社)
373||||宜君县|108.970554,35.351735|中国银行(金谟路支行)
374||||宜君县|109.114077,35.398555|中国农业银行(新区支行)
375||||宜君县|109.348834,35.428225|中国信合(鑫光储蓄所)
376||||宜君县|109.116652,35.396299|中国工商银行(铜川正阳路支行)
377||||宜君县|109.310710,35.458893|中国工商银行(耀州区支行)
378||||宜君县|109.084876,35.295467|中国银行(铜川耀州区支行)
379||||宜君县|109.194171,35.300904|中国工商银行(铜川新区支行)
380||||宜君县|109.340146,35.451047|中国银行(西街支行)
381||||宜君县|109.178549,35.505670|长安银行(永乐商城)
382||||宜君县|109.125630,35.407535|中国建设银行(铜川新区支行)
383||||宜君县|109.340145,35.451047|长安银行(铜川分行)
384||||宜君县|109.117268,35.397981|中国信合(柳林中心卫生院北)
385||||宜君县|109.114697,35.391785|陕西信合
386||||宜君县|109.115954,35.395695|铜川耀州新华村镇银行
387||||宜君县|109.118941,35.402217|中国工商银行
388||||宜君县|109.118905,35.402080|中国信合(关庄信用社)
389||||耀州区|108.938545,34.903411|中国建设银行(永安北路支行)
390||||耀州区|108.901190,34.852774|中国工商银行(长丰北路)
391||||||中国工商银行(南大街支行)
392||||||中国工商银行(金谟路支行)
393||||||中国农业银行(铜川印台区支行)
394||||||中国建设银行(铜川分行)
395||||||中国建设银行(耀州区支行)
396||||||中国工商银行(崔家沟支行)
397||||||中国建设银行(铜川分行营业部)
398||||||中国建设银行(红旗街支行)
399||||||中国农业银行(耀州区支行)
400||||||中国银行铜川川口支行
401||||||中国银行
402||||||中国邮政储蓄银行(铁诺南路)
403||||||中国邮政储蓄银行(铁诺支行)
404||||||中国工商银行(铜川新区分行)
405||||||中国建设银行(斯正街)
406||||||西安银行(铜川分行)
407||||||中国银行(铜川朝阳路支行)
408||||||中国农业银行(城关分理处)
409||||||中国信合(山城信用社)
410||||||中国农业银行(铜川正阳路分理处)
411||||||中国农业银行(铜川七一路支行)
412||||||中国人民银行(铜川市中心支行)
413||||||中国银行ATM(印台支行)
414||||||陕西信合(长虹信用社)
415||||||中国银行(印台支行)
416||||||中国信合(七一路分社)
417||||||中国信合24小时自助银行(川口路)
418||||||中国农业银行(铜川朝阳路分理处)
419||||||中国建设银行24小时自助银行(新区支行)
420||||||陕西信合
422||||||中国信合(棋盘信用社)
423||||||中国信合(新乐分社)
424||||||中国工商银行(铜川五一路支行)
425||||||中国信合(王家河北路)
426||||||长安银行(枫林社区支行)
427||||||中国信合(红旗分社)
430||||||陕西信合(新建巷分社)
431||||||陕西信合(黄堡分社)
434||||||中国信合(新城信用社)
435||||||中国信合
436||||||中国建设银行(七一路支行)
438||||||中国信合(瑶曲镇)
439||||||中国信合(川口路店)
440||||||中国农业银行(长虹路支行)
441||||||陕西信合黄堡信用社
442||||||陕西信合(川口路店)
443||||||中国信合(石柱信用社)
444||||||中国农业发展银行(铜川市分行营业部)
446||||||中国信合(北新街分社)
447||||||中国建设银行24小时自助银行(红旗街支行)
451||||||陕西信合(华夏路分社)
452||||||中国信合(新建巷分社)
453||||||陕西信合(陈炉镇政府)
455||||||陕西信合(小丘信用社)
456||||||中国银行(三里洞支行)
457||||||陕西信合(石柱信用社)
459||||||中国建设银行24小时自助银行
460||||||陕西信合(铜工信用社)
462||||||陕西信合(新街信用社)
463||||||中国邮政储蓄银行
464||||||陕西信合耀州区贷款营销中心
465||||||中国工商银行24小时自助银行(印台区支行)
466||||||中国农业发展银行(铜川市耀州区支行)
467||||||中国信合24小时自助银行(北新街分社)
468||||||中国人民银行(耀州支行)
469||||||中国邮政储蓄银行(耀州区支行)
470||||||中国邮政储蓄银行(铜川分行营业部)
471||||||中国信合(三里洞分社)
472||||||陕西信合(耀州联社营业部)
473||||||中国银行(铜川分行)
474||||||陕西信合(庙湾信用社)
475||||||中国工商银行(黄堡支行)
476||||||中国邮政储蓄银行24小时自助银行(铁诺北路支行)
477||||||陕西信合(同官信用社)
478||||||陕西信合(鑫光分社)
479||||||陕西信合(耀州区信用联社)
481||||||陕西信合(金锁信用社)
482||||||陕西信合(阿庄信用社)
484||||||陕西信合招商分社
485||||||中国信合24小时自助银行(金华分社)
486||||||中国银行24小时自助银行(金谟路支行)
487||||||中国农业银行24小时自助银行
488||||||中国信合(孝北分社)
489||||||中国信合(董家河信用社)
490||||||中国农业银行24小时自助银行(耀州区支行)
491||||||中国银行ATM(川口支行)
493||||||中国工商银行(水泥厂分理处)
494||||||中国银行24小时自助银行
497||||||中国邮政储蓄银行(河滨路)
499||||||新华村镇银行
501||||||陕西信合24小时自助银行
502||||||中国工商银行(王益区支行)
503||||||中国工商银行24小时自助银行
504||||||中国工商银行(印台区支行)
506||||||农村商业银行(王益信用社)
507||||||ATM(永乐商城)
510||||||中国银行ATM(铜川新区支行)
512||||||南关邮政储蓄ATM(延安路)
513||||||中国邮政储蓄银行24小时自助银行(新街营业所)
514||||||中国工商银行ATM(金谟路支行)
515||||||中国信合24小时自助银行
516||||||中国信合(金华分社)
517||||||中国农业银行(红旗街分理处)
518||||||长安银行(铜川分行)
519||||||中国农业银行24小时自助银行(铜川长虹路分理处)
520||||||中国信合(延安路支行)
521||||||中国工商银行(铜川红旗街支行)
522||||||中国邮政储蓄银行(五一路营业所)
523||||||农村信用合作社ATM
524||||||西安银行(铜川王益区支行)
526||||||铜川印台恒通村镇银行
528||||||耀州区农村信用合作联社24小时自助银行
529||||||中国农业银行24小时自助银行(长虹路支行)
532||||||中国邮政储蓄银行(新区支行)
534||||||中国农业发展银行
536||||||陕西信合王家河信用社铜川市王益区农村信用合作联社
537||||||中国工商银行24小时自助银行(正阳路)
538||||||中国工商银行24小时自助银行(耀州区支行)(装修中)
539||||||中国建设银行24小时自助银行(七一路支行)
540||||||中国邮政储蓄银行(长虹路营业所)
541||||||中国银行24小时自助银行(铜川分行)
542||||||中国农业银行24小时自助银行(铜川正阳路支行)
543||||||中国建设银行24小时自助银行(永安北路支行)
545||||||长安银行(铜川金鼎路社区支行)
546||||||中国银行24小时自助银行(耀州区支行)
549||||||中国农业银行24小时自助银行(红旗街分理处)
550||||||中国邮政邮政储蓄(青年路邮政所店)
551||||||中国银行24小时自助银行(西街支行)
552||||||中国工商银行ATM(铜川长虹路支行)
553||||||中国工商银行24小时自助银行(水泥厂支行)
554||||||中国信合(铜川市耀州区人民政府东北)
555||||||中国信合(尧生信用社)
557||||||新华村镇银行24小时自助银行
558||||||中国邮政储蓄银行24小时自助银行
559||||||中国银行24小时自助银行(红旗街支行)
560||||||中国工商银行24小时自助银行(正阳路支行)
561||||||中国建设银行24小时自助银行(朝阳路支行)
562||||||中国邮政储蓄银行(小丘营业所)
563||||||中国邮政储蓄银行(南关营业所)
564||||||陕西信合24小时自助银行(川口分社)
566||||||中国邮政储蓄银行(庙湾营业所)
568||||||中国信合(金锁信用社)
569||||||中国信合ATM(铜川市耀州区人民政府东北)
570||||||中国邮政储蓄银行(红旗营业所)(装修中)
571||||||中国邮政储蓄银行(华原营业所)
572||||||中国邮政储蓄银行(黄堡支行)
574||||||中国工商银行24小时自助银行(铜川正阳路支行)
575||||||中国邮政储蓄银行(川口支行)
577||||||陕西信合铜川市耀州区农村信用合作联社营业部
578||||||中国工商银行24小时自助银行(南大街支行)
579||||||中国工商银行24小时自助银行(铜川分行南大街支行)
580||||||中国邮政储蓄银行(红土镇营业所)
581||||||中国邮政储蓄银行(南关邮政储蓄)
582||||||中国邮政储蓄银行(傲背营业所)
583||||||中国邮政储蓄银行(广阳营业所)
584||||||中国工商银行24小时自助银行(长虹路支行)
586||||||中国工商银行24小时自助银行(金谟路支行长丰北路)
588||||||陕西信合24小时自助银行(楼村信用社)
589||||||中国工商银行24小时自助银行(川口支行)
590||||||中国工商银行24小时自助银行(红旗街支行)
592||||||中国农业银行24小时自助银行(朝阳路分理处)
593||||||中国工商银行24小时自助银行(铜川新区支行)
594||||||中国邮政储蓄银行(印台区支行)
595||||||陕西信合铜川市王益区农村信用合作联社翠溪分社
596||||||中国工商银行24小时自助银行(耀州区支行药王路)
597||||||中国邮政储蓄银行(新街营业所)
598||||||中国邮政储蓄银行(徐家沟邮电所)
602||||||中国建设银行24小时自助银行(五一路支行)
603||||||陕西信合铜川市印台区农村信用合作联社印台分社
604||||||中国农业银行24小时自助银行(铜川七一路支行)
605||||||中国银行24小时自助银行(华原东道)
606||||||中国农业银行24小时自助银行(铜川印台区支行)
608||||||陕西信合(三里洞分社)
612||||||中国工商银行附行式自助银行(铜川分行耀州区支行药王路)
613||||||陕西信合铜川市王益区农村信用合作联社铜工信用社
614||||||中国邮政储蓄银行24小时自助银行(长虹路营业所)
615||||||陕西信合24小时自助银行(长虹信用社)
616||||||陕西信合24小时自动银行
617||||||中国信合(长虹信用社)
618||||||中国农业银行24小时自助银行(铜川火车站分理处)
619||||||中国邮政储蓄银行24小时自助银行(陕西省耀州区支行)
620||||||陕西信合ATM
621||||||长安银行24小时自助银行(枫林社区支行)
622||||||中国信合24小时自助银行(印台区新街分社)
623||||||中国银行24小时自助银行(文营西路)
624||||||中国工商银行24小时自助银行(铜川王益区支行)(装修中)
627||||||中国工商银行附行式自助银行(铜川分行印台区支行同官路)
628||||||长安银行24小时自助银行(金鼎路社区支行)
631||||||西安银行24小时自助银行
632||||||长安银行24小时自助银行
635||||||中国工商银行24小时自助银行(铜川朝阳路支行)
636||||||中国工商银行(铜川分行王益区支行王益区便民服务中心离行式自助银行)
637||||||农村信用合作社(高楼河信用社)
638||||||中国邮政储蓄银行24小时自助银行(耀州区支行)
640||||||陕西信合24小时自助银行(红旗分社)
642||||||陕西信合24小时自助银行(城关信用社)
643||||||中国银行智能化旗舰店(川口店)
644||||||中国邮政储蓄银行24小时自助银行(铜川市铁诺营业所)
645||||||陕西信合24小时自助银行(金谟路信用社)
646||||||长安银行(铜川分行王益区支行)
647||||||中国工商银行(宜君县支行)
648||||||中国邮政储蓄银行24小时自助银行(红旗营业所)
650||||||中国邮政储蓄银行24小时自助银行(印台区支行)
651||||||陕西信合24小时自助银行(黄堡信用社)
652||||||中国邮政储蓄银行24小时自助银行(傲背营业所)
653||||||中国邮政储蓄银行24小时自助银行(庙湾营业所)
655||||||中国邮政储蓄银行24小时自助银行(广阳营业所)
656||||||中国邮政储蓄银行ATM(青年路)
657||||||陕西信合(柿树沟信用社)
658||||||陕西信合24小时自助银行(照金信用社)
659||||||陕西省农村信用合作社-铜川市印台区财政惠民补贴资金兑付中心
660||||||中国邮政储蓄银行24小时自助银行(红土镇营业所)
661||||||陕西信合24小时自助银行(新街信用社)
662||||||陕西省农村信用合作社ATM
663||||||中国建设银行(同官路支行)
664||||||陕西信合24小时自助银行(王石凹信用社)
665||||||农村信用合作社
666||||||陕西信合24小时自助银行(金华分社)
667||||||陕西信合24小时自助银行(南苑信用社)
668||||||陕西信合(云梦信用社)
669||||||中国工商银行ATM(黄堡街)
670||||||陕西信合(哭泉信用社)
672||||||陕西信合(营业部)
673||||||陕西信合(龙山分社)
674||||||陕西信合(尧生信用社)
675||||||陕西信合(西村信用社)
676||||||陕西信合24小时自助银行(同官信用社)
677||||||铜川税务24小时自助办税自助银行服务
678||||||长安银行24小时自助银行(鸿基路小微支行)
679||||||中国邮政储蓄银行(东坡营业所)
680||||||农村信用合作社(小丘分社)
681||||||中国信合24小时自助银行(黄堡信用社)
682||||||中国信合(孙塬信用社)
683||||||陕西信合24小时自助银行(王家河信用社)
684||||||铜川市王益区农村信用合作联社(营业部)
686||||||中国信合24小时自助银行(三里洞分社)
687||||||中国邮政储蓄银行ATM(红旗支行)
688||||||陕西信合铜川市王益区农村信用合作联社24小时自助银行(黄堡分社)
689||||||陕西信合24小时自助银行(金锁信用社)
690||||||王益区农村信用合作社联合社24小时自助银行
691||||||陕西信合24小时自助银行(黄堡分社)
692||||||陕西信合(印台联社城关分社)
693||||||陕西信合24小时自助银行(鑫光信用社)
694||||||中国建设银行24小时自助银行(同官路支行)
695||||||中国农业银行(宜君支行)
696||||||中国信合ATM(王益信用社)
698||||||陕西省农村信用合作社24小时自助银行
699||||||中国工商银行24小时自助银行(印台区支行同官路)
700||||||铜川印台恒通村镇银行24小时自助银行
701||||||中国邮政储蓄银行(石节支行)
702||||||陕西信合24小时自助银行(营业部)
704||||||陕西信合24小时自助银行(三里洞分社)
705||||||中国农业发展银行(宜君县支行)
707||||||长安银行24小时自助银行(王益区支行)
708||||||中国邮政储蓄银行(尧生营业所)
709||||||中国邮政储蓄银行(宜君支行)
710||||||陕西信合24小时自助银行(印台区营业部)
712||||||农村信用合作社(庙湾信用社)
713||||||中国邮政储蓄银行24小时自助银行(五一路营业所)
714||||||中国农业银行24小时自助银行(宜君支行)
716||||||中国邮政储蓄银行(五里镇营业所)
717||||||宜君县城关农村信用合作社
719||||||中国信合24小时自助银行(长虹信用社)
720||||||陕西信合24小时自助银行(太安信用社)
722||||||中国邮政储蓄银行24小时自助银行(尧生营业所)
723||||||中国邮政储蓄银行24小时自助银行(宜阳街营业所)
724||||||中国邮政储蓄银行24小时自助银行(五里镇营业所)
725||||||陕西信合24小时自助银行(哭泉信用社)
726||||||陕西信合24小时自助银行(棋盘信用社)
727||||||陕西信合24小时自助银行(西村信用社)
728||||||农村信用合作社(彭镇)
730||||||西村信用社24小时自助银行(宜君县农村信用合作联社)
734||||||宜君县城关农村信用合作社24小时自助银行
736||||||中国农业银行24小时自助银行(铜川新区支行)
737||||||中国信合24小时自助银行(楼村信用社)
738||||||中国信合(坡头信用社)
740||||||中国信合ATM(新城信用社)
741||||||陕西信合(山城信用社)
742||||||中国银行(金谟路支行)
743||||||中国农业银行(新区支行)
744||||||中国信合(鑫光储蓄所)
745||||||中国工商银行(铜川正阳路支行)
746||||||中国工商银行(耀州区支行)
747||||||中国银行(铜川耀州区支行)
748||||||中国工商银行(铜川新区支行)
749||||||中国银行(西街支行)
750||||||长安银行(永乐商城)
751||||||中国建设银行(铜川新区支行)
753||||||中国信合(柳林中心卫生院北)
755||||||铜川耀州新华村镇银行
756||||||中国工商银行
757||||||中国信合(关庄信用社)
758||||||中国建设银行(永安北路支行)
759||||||中国工商银行(长丰北路)
